-- phpMyAdmin SQL Dump
-- version phpStudy 2014
-- http://www.phpmyadmin.net
--
-- ä¸»æœº: localhost
-- ç”Ÿæˆæ—¥æœŸ: 2018 å¹?05 æœ?23 æ—?17:37
-- æœåŠ¡å™¨ç‰ˆæœ¬: 5.1.28-rc-community
-- PHP ç‰ˆæœ¬: 5.5.30

SET SQL_MODE="NO_AUTO_VALUE_ON_ZERO";
SET time_zone = "+00:00";


/*!40101 SET @OLD_CHARACTER_SET_CLIENT=@@CHARACTER_SET_CLIENT */;
/*!40101 SET @OLD_CHARACTER_SET_RESULTS=@@CHARACTER_SET_RESULTS */;
/*!40101 SET @OLD_COLLATION_CONNECTION=@@COLLATION_CONNECTION */;
/*!40101 SET NAMES utf8 */;

--
-- æ•°æ®åº“: `productms`
--

-- --------------------------------------------------------

--
-- è¡¨çš„ç»“æ„ `wx_admin`
--

CREATE TABLE IF NOT EXISTS `wx_admin` (
  `id` int(11) NOT NULL AUTO_INCREMENT,
  `username` varchar(100) DEFAULT NULL COMMENT 'ç”¨æˆ·ç™»å½•å',
  `password` varchar(32) DEFAULT NULL COMMENT 'å¯†ç ',
  `name` varchar(100) DEFAULT NULL COMMENT 'å§“å',
  `gender` tinyint(4) DEFAULT '1' COMMENT 'æ€§åˆ«(0ï¼šå¥³ï¼›1ï¼šç”·ï¼›)',
  `correspondence_id` int(11) DEFAULT NULL COMMENT 'å‡½æˆç«™',
  `role_name` varchar(64) DEFAULT NULL COMMENT 'è§’è‰²åç§°',
  `is_delete` tinyint(4) DEFAULT '0' COMMENT 'æ˜¯å¦åˆ é™¤',
  `my_quickentry` text COMMENT 'å¿«æ·å…¥å£',
  `courseids` varchar(255) DEFAULT NULL COMMENT 'ä»»è¯¾è€å¸ˆè¯¾ç¨‹',
  `disciplineids` varchar(255) DEFAULT NULL COMMENT 'ä»»è¯¾è€å¸ˆçš„ä¸“ä¸š',
  `p_id` tinyint(2) NOT NULL,
  `level` tinyint(2) DEFAULT '0',
  PRIMARY KEY (`id`)
) ENGINE=InnoDB  DEFAULT CHARSET=utf8 AUTO_INCREMENT=5 ;

--
-- è½¬å­˜è¡¨ä¸­çš„æ•°æ® `wx_admin`
--

INSERT INTO `wx_admin` (`id`, `username`, `password`, `name`, `gender`, `correspondence_id`, `role_name`, `is_delete`, `my_quickentry`, `courseids`, `disciplineids`, `p_id`, `level`) VALUES
(1, 'admin', '96e79218965eb72c92a549dd5a330112', 'è¶…çº§ç®¡ç†å‘˜', 1, NULL, 'zongadming', 0, '{"75":{"id":75,"name":"\\u4fee\\u6539\\u5bc6\\u7801","url":"admin\\/edit-password"}}', '', '', 1, 1),
(2, 'test', '96e79218965eb72c92a549dd5a330112', 'æµ‹è¯•è´¦å·', 1, NULL, NULL, 0, NULL, NULL, NULL, 1, 0),
(3, 'member', '96e79218965eb72c92a549dd5a330112', 'æµ‹è¯•', 1, NULL, NULL, 0, NULL, NULL, NULL, 2, 0),
(4, 'zs', '96e79218965eb72c92a549dd5a330112', 'æ‹›ç”Ÿ1', 1, NULL, 'zhaosheng', 0, NULL, NULL, NULL, 0, 0);

-- --------------------------------------------------------

--
-- è¡¨çš„ç»“æ„ `wx_auth_assignment`
--

CREATE TABLE IF NOT EXISTS `wx_auth_assignment` (
  `item_name` varchar(64) NOT NULL,
  `user_id` varchar(64) NOT NULL,
  `created_at` int(11) DEFAULT NULL,
  PRIMARY KEY (`item_name`,`user_id`),
  KEY `user_id` (`user_id`),
  KEY `created_at` (`created_at`),
  KEY `item_name` (`item_name`)
) ENGINE=InnoDB DEFAULT CHARSET=utf8 COMMENT='ç®¡ç†å‘˜æˆæƒè¡¨';

--
-- è½¬å­˜è¡¨ä¸­çš„æ•°æ® `wx_auth_assignment`
--

INSERT INTO `wx_auth_assignment` (`item_name`, `user_id`, `created_at`) VALUES
('zongadming', '1', 1470623219);

-- --------------------------------------------------------

--
-- è¡¨çš„ç»“æ„ `wx_auth_item`
--

CREATE TABLE IF NOT EXISTS `wx_auth_item` (
  `name` varchar(64) NOT NULL DEFAULT '' COMMENT 'åç§°',
  `type` int(11) NOT NULL COMMENT 'ç±»å‹{1ï¼šè§’è‰²ï¼›2ï¼šæƒé™ï¼›}',
  `description` text COMMENT 'æè¿°',
  `rule_name` varchar(64) DEFAULT NULL COMMENT 'è§„åˆ™åç§°',
  `data` text COMMENT 'æ•°æ®',
  `created_at` int(11) DEFAULT NULL,
  `updated_at` int(11) DEFAULT NULL,
  `menu_id` int(11) DEFAULT NULL COMMENT 'æƒé™æ‰€å±èœå•',
  PRIMARY KEY (`name`),
  KEY `rule_name` (`rule_name`),
  KEY `type` (`type`),
  KEY `name` (`name`),
  KEY `created_at` (`created_at`)
) ENGINE=InnoDB DEFAULT CHARSET=utf8 COMMENT='ç®¡ç†æƒæƒé™æ¡ç›®';

--
-- è½¬å­˜è¡¨ä¸­çš„æ•°æ® `wx_auth_item`
--

INSERT INTO `wx_auth_item` (`name`, `type`, `description`, `rule_name`, `data`, `created_at`, `updated_at`, `menu_id`) VALUES
('admin_create', 2, 'ç”¨æˆ·æ·»åŠ ', NULL, NULL, NULL, NULL, 33),
('admin_delete', 2, 'ç”¨æˆ·åˆ é™¤', NULL, NULL, NULL, NULL, 33),
('admin_quickentry', 2, 'å¿«æ·å…¥å£è®¾ç½®', NULL, NULL, NULL, NULL, 35),
('admin_update', 2, 'ç”¨æˆ·ä¿®æ”¹', NULL, NULL, NULL, NULL, 33),
('brand', 2, 'å“ç‰Œ', NULL, NULL, NULL, NULL, 41),
('consume_add', 2, 'æ·»åŠ ', NULL, NULL, NULL, NULL, 64),
('consume_groupproduct', 2, 'æŸ¥è¯¢', NULL, NULL, NULL, NULL, 61),
('consume_index', 2, 'åˆ—è¡¨', NULL, NULL, NULL, NULL, 63),
('consume_sh', 2, 'å®¡æ ¸', NULL, NULL, NULL, NULL, 65),
('food', 2, 'é£Ÿæåç§°', NULL, NULL, NULL, NULL, 38),
('foodclass', 2, 'é£Ÿæåˆ†ç±»', NULL, NULL, NULL, NULL, 37),
('foodunit', 2, 'é£Ÿæå•ä½', NULL, NULL, NULL, NULL, 40),
('menu_create', 2, 'èœå•æ·»åŠ ', NULL, NULL, NULL, NULL, 32),
('menu_delete', 2, 'èœå•åˆ é™¤', NULL, NULL, NULL, NULL, 32),
('menu_taxis', 2, 'èœå•æ’åº', NULL, NULL, NULL, NULL, 32),
('menu_update', 2, 'èœå•ä¿®æ”¹', NULL, NULL, NULL, NULL, 32),
('param', 2, 'è§„æ ¼å‚æ•°', NULL, NULL, NULL, NULL, 39),
('password_update', 2, 'ä¿®æ”¹å¯†ç ', NULL, NULL, NULL, NULL, 75),
('permission_create', 2, 'æƒé™æ·»åŠ ', NULL, NULL, NULL, NULL, 30),
('permission_delete', 2, 'æƒé™åˆ é™¤', NULL, NULL, NULL, NULL, 30),
('permission_update', 2, 'æƒé™ä¿®æ”¹', NULL, NULL, NULL, NULL, 30),
('product', 2, 'æˆå“åç§°', NULL, NULL, NULL, NULL, 44),
('product-template_add', 2, 'æˆå“é…æ¯”', NULL, NULL, NULL, NULL, 51),
('product-template_index', 2, 'æˆå“æ˜¾ç¤º', NULL, NULL, NULL, NULL, 52),
('productclass', 2, 'æˆå“åˆ†ç±»', NULL, NULL, NULL, NULL, 43),
('productunit', 2, 'æˆå“å•ä½', NULL, NULL, NULL, NULL, 45),
('product_add', 2, 'é…è´§éœ€æ±‚', NULL, NULL, NULL, NULL, 54),
('product_del', 2, 'åˆ é™¤å‘é…è´§ä¿¡æ¯', NULL, NULL, NULL, NULL, 55),
('product_edit', 2, 'ä¿®æ”¹å‘é…è´§ä¿¡æ¯', NULL, NULL, NULL, NULL, 55),
('product_groupproduct', 2, 'æŸ¥è¯¢', NULL, NULL, NULL, NULL, 60),
('product_inspector', 2, 'éªŒè´§å…¥åº“', NULL, NULL, NULL, NULL, 56),
('product_search', 2, 'æˆå“åº“æŸ¥è¯¢', NULL, NULL, NULL, NULL, 59),
('product_send', 2, 'å‘è´§é…è´§', NULL, NULL, NULL, NULL, 55),
('purchase_add', 2, 'æ·»åŠ é‡‡è´­', NULL, NULL, NULL, NULL, 47),
('purchase_del', 2, 'åˆ é™¤é‡‡è´­ä¿¡æ¯', NULL, NULL, NULL, NULL, 48),
('purchase_depot', 2, 'éªŒè´§å…¥åº“', NULL, NULL, NULL, NULL, 49),
('purchase_edit', 2, 'ä¿®æ”¹é‡‡è´­ä¿¡æ¯', NULL, NULL, NULL, NULL, 48),
('purchase_index', 2, 'é‡‡è´­ç®¡ç†', NULL, NULL, NULL, NULL, 48),
('purchase_search', 2, 'é£Ÿæåº“æŸ¥è¯¢', NULL, NULL, NULL, NULL, 58),
('role_create', 2, 'è§’è‰²æ·»åŠ ', NULL, NULL, NULL, NULL, 31),
('role_delete', 2, 'è§’è‰²åˆ é™¤', NULL, NULL, NULL, NULL, 31),
('role_permission', 2, 'è§’è‰²æƒé™è®¾ç½®', NULL, NULL, NULL, NULL, 31),
('role_update', 2, 'è§’è‰²ä¿®æ”¹', NULL, NULL, NULL, NULL, 31),
('shortcut_update', 2, 'è®¾ç½®å¿«æ·æ–¹å¼', NULL, NULL, NULL, NULL, 74),
('supplier', 2, 'ä¾›åº”å•†', NULL, NULL, NULL, NULL, 42),
('zongadming', 1, 'æ€»ç®¡ç†å‘˜', NULL, NULL, NULL, NULL, NULL);

-- --------------------------------------------------------

--
-- è¡¨çš„ç»“æ„ `wx_auth_item_child`
--

CREATE TABLE IF NOT EXISTS `wx_auth_item_child` (
  `parent` varchar(64) NOT NULL,
  `child` varchar(64) NOT NULL,
  PRIMARY KEY (`parent`,`child`),
  KEY `child` (`child`),
  KEY `parent` (`parent`)
) ENGINE=InnoDB DEFAULT CHARSET=utf8 COMMENT='ç®¡ç†å‘˜æƒé™å…³ç³»è¡¨';

--
-- è½¬å­˜è¡¨ä¸­çš„æ•°æ® `wx_auth_item_child`
--

INSERT INTO `wx_auth_item_child` (`parent`, `child`) VALUES
('zongadming', 'admin_create'),
('zongadming', 'admin_delete'),
('zongadming', 'admin_quickentry'),
('zongadming', 'admin_update'),
('zongadming', 'brand'),
('zongadming', 'consume_add'),
('zongadming', 'consume_groupproduct'),
('zongadming', 'consume_index'),
('zongadming', 'consume_sh'),
('zongadming', 'food'),
('zongadming', 'foodclass'),
('zongadming', 'foodunit'),
('zongadming', 'menu_create'),
('zongadming', 'menu_delete'),
('zongadming', 'menu_taxis'),
('zongadming', 'menu_update'),
('zongadming', 'param'),
('zongadming', 'permission_create'),
('zongadming', 'permission_delete'),
('zongadming', 'permission_update'),
('zongadming', 'product'),
('zongadming', 'product-template_add'),
('zongadming', 'product-template_index'),
('zongadming', 'productclass'),
('zongadming', 'productunit'),
('zongadming', 'product_add'),
('zongadming', 'product_del'),
('zongadming', 'product_edit'),
('zongadming', 'product_groupproduct'),
('zongadming', 'product_inspector'),
('zongadming', 'product_search'),
('zongadming', 'product_send'),
('zongadming', 'purchase_add'),
('zongadming', 'purchase_del'),
('zongadming', 'purchase_depot'),
('zongadming', 'purchase_edit'),
('zongadming', 'purchase_index'),
('zongadming', 'purchase_search'),
('zongadming', 'role_create'),
('zongadming', 'role_delete'),
('zongadming', 'role_permission'),
('zongadming', 'role_update'),
('zongadming', 'supplier');

-- --------------------------------------------------------

--
-- è¡¨çš„ç»“æ„ `wx_menu`
--

CREATE TABLE IF NOT EXISTS `wx_menu` (
  `id` int(11) NOT NULL AUTO_INCREMENT,
  `name` varchar(128) NOT NULL COMMENT 'åç§°',
  `parent` int(11) DEFAULT '0' COMMENT 'ä¸Šçº§èœå•',
  `route` varchar(256) DEFAULT NULL,
  `taxis` int(11) DEFAULT '0' COMMENT 'æ’åºå­—æ®µ é»˜è®¤0,ä»¥æ•°å­—å€’åºæ’åˆ—',
  `data` text,
  `url` varchar(100) DEFAULT NULL COMMENT 'èœå•é“¾æ¥åœ°å€',
  PRIMARY KEY (`id`),
  KEY `parent` (`parent`),
  KEY `name` (`name`),
  KEY `route` (`route`(255)),
  KEY `order` (`taxis`)
) ENGINE=InnoDB  DEFAULT CHARSET=utf8 COMMENT='ç³»ç»Ÿç®¡ç†å‘˜èœå•æƒé™è¡¨\r\n' AUTO_INCREMENT=66 ;

--
-- è½¬å­˜è¡¨ä¸­çš„æ•°æ® `wx_menu`
--

INSERT INTO `wx_menu` (`id`, `name`, `parent`, `route`, `taxis`, `data`, `url`) VALUES
(29, 'ç³»ç»Ÿè®¾ç½®', 0, NULL, 1, NULL, ''),
(30, 'æƒé™ç®¡ç†', 29, NULL, NULL, NULL, 'permission-form/index'),
(31, 'è§’è‰²ç®¡ç†', 29, NULL, NULL, NULL, 'role-form/index'),
(32, 'èœå•ç®¡ç†', 29, NULL, NULL, NULL, 'menu/index'),
(33, 'ç”¨æˆ·ç®¡ç†', 29, NULL, NULL, NULL, 'admin/index'),
(34, 'è®¾ç½®å¿«æ·æ–¹å¼', 29, NULL, 1, NULL, 'shortcut/index'),
(35, 'ä¿®æ”¹å¯†ç ', 29, NULL, 2, NULL, 'admin/edit-password'),
(36, 'åŸºç¡€ä¿¡æ¯', 0, NULL, 10, NULL, ''),
(37, 'é£Ÿæåˆ†ç±»', 36, NULL, NULL, NULL, 'refcode/index?type_code=foodclass'),
(38, 'é£Ÿæåç§°', 36, NULL, NULL, NULL, 'refcode/index?type_code=food'),
(39, 'è§„æ ¼å‚æ•°', 36, NULL, NULL, NULL, 'refcode/index?type_code=param'),
(40, 'é£Ÿæå•ä½', 36, NULL, NULL, NULL, 'refcode/index?type_code=foodunit'),
(41, 'å“ç‰Œ', 36, NULL, NULL, NULL, 'refcode/index?type_code=brand'),
(42, 'ä¾›åº”å•†', 36, NULL, NULL, NULL, 'refcode/index?type_code=supplier'),
(43, 'æˆå“åˆ†ç±»', 36, NULL, NULL, NULL, 'refcode/index?type_code=productclass'),
(44, 'æˆå“åç§°', 36, NULL, NULL, NULL, 'refcode/index?type_code=product'),
(45, 'æˆå“å•ä½', 36, NULL, NULL, NULL, 'refcode/index?type_code=productunit'),
(46, 'é‡‡è´­å…¥åº“', 0, NULL, 9, NULL, ''),
(47, 'æ·»åŠ é‡‡è´­', 46, NULL, NULL, NULL, 'purchase/create'),
(48, 'é‡‡è´­ç®¡ç†', 46, NULL, NULL, NULL, 'purchase/index'),
(49, 'éªŒè´§å…¥åº“', 46, NULL, NULL, NULL, 'purchase/depot'),
(50, 'é£Ÿæé…æ¯”', 0, NULL, 8, NULL, ''),
(51, 'æˆå“é…æ¯”', 50, NULL, NULL, NULL, 'product-template/create'),
(52, 'æˆå“æ˜¾ç¤º', 50, NULL, NULL, NULL, 'product-template/index'),
(53, 'æˆå“ç®¡ç†', 0, NULL, 7, NULL, ''),
(54, 'é…è´§éœ€æ±‚', 53, NULL, NULL, NULL, 'product/create'),
(55, 'å‘è´§é…è´§', 53, NULL, NULL, NULL, 'product/send'),
(56, 'éªŒè´§å…¥åº“', 53, NULL, NULL, NULL, 'product/inspector'),
(57, 'æ•°æ®æŸ¥è¯¢', 0, NULL, 6, NULL, ''),
(58, 'é£Ÿæåº“æŸ¥è¯¢', 57, NULL, NULL, NULL, 'purchase/search'),
(59, 'æˆå“åº“æŸ¥è¯¢', 57, NULL, NULL, NULL, 'product/search'),
(60, 'å‘è´§å®ŒæˆåŸºå‡†ä»·', 57, NULL, NULL, NULL, 'product/groupproduct'),
(61, 'æˆå“æ¶ˆè€—åŸºå‡†ä»·', 57, NULL, NULL, NULL, 'consume/groupproduct'),
(62, 'æˆå“æ¶ˆè€—', 0, NULL, 5, NULL, ''),
(63, 'æ¶ˆè€—ç®¡ç†', 62, NULL, 3, NULL, 'consume/index'),
(64, 'æ¶ˆè€—æ·»åŠ ', 62, NULL, 4, NULL, 'consume/create'),
(65, 'æŠ¥æŸå®¡æ ¸', 62, NULL, NULL, NULL, 'consume/sh');

-- --------------------------------------------------------

--
-- è¡¨çš„ç»“æ„ `wx_procut`
--

CREATE TABLE IF NOT EXISTS `wx_procut` (
  `id` int(11) NOT NULL AUTO_INCREMENT,
  `booker_id` int(11) DEFAULT NULL COMMENT 'é…è´§äºº',
  `book_date` int(11) NOT NULL COMMENT 'é…è´§æ—¶é—´',
  `book_comment` int(11) DEFAULT NULL COMMENT 'é…è´§æ„è§',
  `arrive_date` int(11) NOT NULL COMMENT 'éœ€è¦è¾¾åˆ°æ—¶é—´',
  `is_customer` tinyint(4) NOT NULL DEFAULT '0' COMMENT '0ï¼šæœ¬å•ä½ 1ï¼šå…¶ä»–å•ä½',
  `total_price` float DEFAULT NULL COMMENT 'æ€»ä»·',
  `sender_id` int(11) DEFAULT NULL COMMENT 'å‘è´§äºº',
  `send_date` int(11) DEFAULT NULL COMMENT 'å‘è´§æ—¶é—´',
  `send_status` tinyint(4) NOT NULL DEFAULT '0' COMMENT 'å‘è´§çŠ¶æ€ 0ï¼šæœªå‘è´§ 1ï¼šå·²å‘è´§',
  `send_comment` text COMMENT 'å‘è´§æ„è§',
  `inspector_id` int(11) DEFAULT NULL COMMENT 'éªŒè´§äºº',
  `inspect_date` int(11) DEFAULT NULL COMMENT 'éªŒè´§æ—¶é—´ï¼ˆå…¥åº“æ—¶é—´ï¼‰',
  `inspect_status` tinyint(4) DEFAULT NULL COMMENT 'éªŒè´§çŠ¶æ€ 0ï¼šæœªéªŒè´§ 1ï¼šå·²å…¥åº“',
  `inspect_comment` text COMMENT 'éªŒæ”¶æ„è§',
  `is_del` tinyint(4) NOT NULL DEFAULT '0' COMMENT 'æ˜¯å¦åˆ é™¤ 1æ˜¯ï¼Œ0å¦',
  `customer` varchar(128) DEFAULT NULL COMMENT 'é…é€å®¢æˆ·åç§°',
  PRIMARY KEY (`id`)
) ENGINE=InnoDB DEFAULT CHARSET=utf8 COMMENT='æˆå“é…ã€å‘ã€éªŒè´§ä¸»è¡¨' AUTO_INCREMENT=1 ;

-- --------------------------------------------------------

--
-- è¡¨çš„ç»“æ„ `wx_product_consume`
--

CREATE TABLE IF NOT EXISTS `wx_product_consume` (
  `id` int(11) NOT NULL AUTO_INCREMENT,
  `productclass_id` int(11) NOT NULL COMMENT 'æˆå“åˆ†ç±»',
  `product_id` int(11) NOT NULL COMMENT 'æˆå“åç§°',
  `unitprice` float NOT NULL COMMENT 'é”€å”®å•ä»·',
  `price` float NOT NULL COMMENT 'å•æˆå“é”€å”®æ€»ä»·',
  `count` int(11) NOT NULL DEFAULT '0' COMMENT 'æ¶ˆè€—æ•°é‡',
  `consume_type` tinyint(4) NOT NULL COMMENT 'æ¶ˆè€—æ–¹å¼ 1ï¼šé”€å”® 2ï¼šæŸè€—',
  `status` tinyint(4) NOT NULL DEFAULT '0' COMMENT 'å®¡æ ¸çŠ¶æ€ 1ï¼šé”€å”®é»˜è®¤å®¡æ ¸é€šè¿‡ 0ï¼šæŠ¥æŸéœ€è¦æŒ‡å®šäººå‘˜å®¡æ ¸',
  `create_dt` int(11) NOT NULL COMMENT 'æ·»åŠ æ—¶é—´',
  PRIMARY KEY (`id`)
) ENGINE=InnoDB DEFAULT CHARSET=utf8 COMMENT='æˆå“æ¶ˆè€—è¡¨' AUTO_INCREMENT=1 ;

-- --------------------------------------------------------

--
-- è¡¨çš„ç»“æ„ `wx_product_entry`
--

CREATE TABLE IF NOT EXISTS `wx_product_entry` (
  `id` int(11) NOT NULL AUTO_INCREMENT,
  `productclass_id` int(11) NOT NULL COMMENT 'æˆå“åˆ†ç±»',
  `product_id` int(11) NOT NULL COMMENT 'æˆå“åç§°',
  `unitprice` float NOT NULL COMMENT 'åŸºå‡†ä»·',
  `unit` varchar(32) NOT NULL COMMENT 'å•ä½',
  `price` float NOT NULL COMMENT 'å•æˆå“æ€»ä»·',
  `book_count` int(11) NOT NULL DEFAULT '0' COMMENT 'é…è´§æ•°é‡',
  `send_count` int(11) NOT NULL DEFAULT '0' COMMENT 'å®é™…å‘è´§æ•°é‡',
  `depot_count` int(11) NOT NULL DEFAULT '0' COMMENT 'éªŒè´§æ•°é‡ï¼ˆå…¥åº“æ•°é‡',
  `status` tinyint(4) NOT NULL DEFAULT '0' COMMENT 'æ˜¯å¦å…¥åº“ 0ï¼šæœªå…¥åº“ 1ï¼šå·²å…¥åº“',
  PRIMARY KEY (`id`)
) ENGINE=InnoDB DEFAULT CHARSET=utf8 COMMENT='æˆå“é…ã€å‘ã€éªŒè´§è¯¦ç»†è¡¨ï¼ˆæˆå“åº“å­˜è¡¨ï¼‰' AUTO_INCREMENT=1 ;

-- --------------------------------------------------------

--
-- è¡¨çš„ç»“æ„ `wx_product_template`
--

CREATE TABLE IF NOT EXISTS `wx_product_template` (
  `id` int(11) NOT NULL AUTO_INCREMENT,
  `productclass_id` int(11) DEFAULT NULL COMMENT 'æˆå“åˆ†ç±»',
  `product_id` int(11) DEFAULT NULL COMMENT 'æˆå“åç§°',
  `unitprice` float DEFAULT NULL COMMENT 'åŸºå‡†ä»·',
  `unit` varchar(32) DEFAULT NULL COMMENT 'å•ä½',
  `is_del` int(11) NOT NULL DEFAULT '0' COMMENT 'æ˜¯å¦åˆ é™¤ 1æ˜¯ï¼Œ0å¦',
  PRIMARY KEY (`id`)
) ENGINE=InnoDB  DEFAULT CHARSET=utf8 COMMENT='æˆå“æ¨¡æ¿ä¸»è¡¨' AUTO_INCREMENT=2 ;

--
-- è½¬å­˜è¡¨ä¸­çš„æ•°æ® `wx_product_template`
--

INSERT INTO `wx_product_template` (`id`, `productclass_id`, `product_id`, `unitprice`, `unit`, `is_del`) VALUES
(1, 10, 14, 100, '16', 0);

-- --------------------------------------------------------

--
-- è¡¨çš„ç»“æ„ `wx_product_template_entry`
--

CREATE TABLE IF NOT EXISTS `wx_product_template_entry` (
  `id` int(11) NOT NULL AUTO_INCREMENT,
  `ptid` int(11) DEFAULT NULL,
  `foodclass_id` int(11) DEFAULT NULL COMMENT 'é£Ÿæåˆ†ç±»',
  `food_id` int(11) DEFAULT NULL COMMENT 'é£Ÿæåç§°',
  `count` int(11) DEFAULT NULL COMMENT 'æ•°é‡',
  PRIMARY KEY (`id`)
) ENGINE=InnoDB DEFAULT CHARSET=utf8 COMMENT='æˆå“æ¨¡æ¿æ˜ç»†è¡¨' AUTO_INCREMENT=1 ;

-- --------------------------------------------------------

--
-- è¡¨çš„ç»“æ„ `wx_purchase`
--

CREATE TABLE IF NOT EXISTS `wx_purchase` (
  `id` int(11) NOT NULL AUTO_INCREMENT,
  `foodclass_id` int(11) DEFAULT NULL COMMENT 'é£Ÿæåˆ†ç±»',
  `food_id` int(11) DEFAULT NULL COMMENT 'é£Ÿæåç§°',
  `param_id` int(11) DEFAULT NULL COMMENT 'è§„æ ¼å‚æ•°',
  `book_count` int(11) NOT NULL DEFAULT '0' COMMENT 'é‡‡è´­æ•°é‡',
  `price` float DEFAULT NULL COMMENT 'å•ä»·',
  `unit` varchar(32) DEFAULT NULL COMMENT 'å•ä½',
  `brand` varchar(128) DEFAULT NULL COMMENT 'å“ç‰Œ',
  `supplier` varchar(128) DEFAULT NULL COMMENT 'ä¾›åº”å•†',
  `pur_user` int(11) NOT NULL COMMENT 'é‡‡è´­äºº',
  `pur_date` int(11) NOT NULL COMMENT 'é‡‡è´­æ—¶é—´',
  `depot_user` int(11) NOT NULL COMMENT 'å…¥åº“äºº',
  `depot_count` int(11) NOT NULL DEFAULT '0' COMMENT 'å…¥åº“æ•°é‡',
  `depot_date` int(11) NOT NULL COMMENT 'å…¥åº“æ—¶é—´',
  `sycount` int(11) NOT NULL DEFAULT '0' COMMENT 'å‰©ä½™æ•°é‡',
  `status` int(11) NOT NULL DEFAULT '0' COMMENT '0ï¼šæœªå…¥åº“ï¼Œ1å·²å…¥åº“',
  `comment` text NOT NULL COMMENT 'éªŒæ”¶æ„è§',
  `is_del` tinyint(4) NOT NULL DEFAULT '0' COMMENT 'æ˜¯å¦åˆ é™¤ 1æ˜¯ï¼Œ0å¦',
  PRIMARY KEY (`id`)
) ENGINE=InnoDB  DEFAULT CHARSET=utf8 COMMENT='é‡‡è´­è¡¨ï¼ˆå¸‚åœºåº“å­˜è¡¨ï¼‰' AUTO_INCREMENT=2 ;

--
-- è½¬å­˜è¡¨ä¸­çš„æ•°æ® `wx_purchase`
--

INSERT INTO `wx_purchase` (`id`, `foodclass_id`, `food_id`, `param_id`, `book_count`, `price`, `unit`, `brand`, `supplier`, `pur_user`, `pur_date`, `depot_user`, `depot_count`, `depot_date`, `sycount`, `status`, `comment`, `is_del`) VALUES
(1, 2, 3, 7, 21, 100, '111', '11', '111', 2222, 222, 222, 22, 22, 22, 22, '22', 22);

-- --------------------------------------------------------

--
-- è¡¨çš„ç»“æ„ `wx_refcode`
--

CREATE TABLE IF NOT EXISTS `wx_refcode` (
  `id` int(11) NOT NULL AUTO_INCREMENT,
  `nm` varchar(128) DEFAULT NULL,
  `value` varchar(64) DEFAULT NULL COMMENT 'å¯¹åº”çš„å€¼',
  `type` varchar(32) DEFAULT NULL COMMENT 'ç±»å‹',
  `pid` int(11) DEFAULT NULL COMMENT 'çˆ¶ç±»id',
  `pid2` int(11) DEFAULT NULL COMMENT 'é£Ÿæå•ä½',
  `is_del` tinyint(4) NOT NULL DEFAULT '0' COMMENT 'æ˜¯å¦åˆ é™¤ 1æ˜¯ï¼Œ0å¦',
  PRIMARY KEY (`id`),
  KEY `type` (`type`)
) ENGINE=InnoDB  DEFAULT CHARSET=utf8 COMMENT='åŸºç¡€è¡¨' AUTO_INCREMENT=22 ;

--
-- è½¬å­˜è¡¨ä¸­çš„æ•°æ® `wx_refcode`
--

INSERT INTO `wx_refcode` (`id`, `nm`, `value`, `type`, `pid`, `pid2`, `is_del`) VALUES
(1, 'ç‰›è‚‰1w', NULL, NULL, NULL, NULL, 1),
(2, 'ç¦½ç±»21', NULL, 'foodclass', NULL, NULL, 0),
(3, 'é¸¡è‚‰', '20', 'food', 2, NULL, 0),
(4, 'é¸­è‚‰', '10', 'food', 2, NULL, 1),
(5, 'è”¬èœ', NULL, 'foodclass', NULL, NULL, 0),
(6, 'é£Ÿæ1å…¬å¸', NULL, 'supplier', NULL, NULL, 0),
(7, 'å¹´ä»½', NULL, 'param', 3, NULL, 0),
(8, 'é¸­è‚‰', '30', 'food', 2, 19, 0),
(9, 'é•¿åº¦', NULL, 'param', 8, NULL, 0),
(10, 'ç²¤èœ', NULL, 'productclass', NULL, NULL, 0),
(11, 'æ¹˜èœ', NULL, 'productclass', NULL, NULL, 0),
(12, 'å·èœ', NULL, 'productclass', NULL, NULL, 0),
(13, 'æ±Ÿæµ™èœ', NULL, 'productclass', NULL, NULL, 0),
(14, 'é¾™è™æ–—', NULL, 'product', 10, NULL, 0),
(15, 'å…´å®çƒ¤é¸¡', NULL, 'product', 13, NULL, 0),
(16, 'æ–¤', NULL, 'productunit', NULL, NULL, 0),
(17, 'å…¬æ–¤', NULL, 'productunit', NULL, NULL, 0),
(18, 'ç£…', NULL, 'productunit', NULL, NULL, 0),
(19, 'åª', NULL, 'foodunit', NULL, NULL, 0),
(20, 'æ–¤', NULL, 'foodunit', NULL, NULL, 0),
(21, 'ç£…', NULL, 'foodunit', NULL, NULL, 0);

--
-- é™åˆ¶å¯¼å‡ºçš„è¡¨
--

--
-- é™åˆ¶è¡¨ `wx_auth_assignment`
--
ALTER TABLE `wx_auth_assignment`
  ADD CONSTRAINT `wx_auth_assignment_ibfk_2` FOREIGN KEY (`item_name`) REFERENCES `wx_auth_item` (`name`) ON DELETE CASCADE ON UPDATE CASCADE;

/*!40101 SET CHARACTER_SET_CLIENT=@OLD_CHARACTER_SET_CLIENT */;
/*!40101 SET CHARACTER_SET_RESULTS=@OLD_CHARACTER_SET_RESULTS */;
/*!40101 SET COLLATION_CONNECTION=@OLD_COLLATION_CONNECTION */;
