-- phpMyAdmin SQL Dump
-- version 4.4.15
-- http://www.phpmyadmin.net
--
-- Host: 127.0.0.1
-- Generation Time: 2018-05-18 14:50:07
-- 服务器版本： 10.1.9-MariaDB
-- PHP Version: 7.0.1

SET SQL_MODE = "NO_AUTO_VALUE_ON_ZERO";
SET time_zone = "+00:00";


/*!40101 SET @OLD_CHARACTER_SET_CLIENT=@@CHARACTER_SET_CLIENT */;
/*!40101 SET @OLD_CHARACTER_SET_RESULTS=@@CHARACTER_SET_RESULTS */;
/*!40101 SET @OLD_COLLATION_CONNECTION=@@COLLATION_CONNECTION */;
/*!40101 SET NAMES utf8mb4 */;

--
-- Database: `productms`
--

-- --------------------------------------------------------

--
-- 表的结构 `wx_admin`
--

CREATE TABLE IF NOT EXISTS `wx_admin` (
  `id` int(11) NOT NULL,
  `username` varchar(100) DEFAULT NULL COMMENT '用户登录名',
  `password` varchar(32) DEFAULT NULL COMMENT '密码',
  `name` varchar(100) DEFAULT NULL COMMENT '姓名',
  `gender` tinyint(4) DEFAULT '1' COMMENT '性别(0：女；1：男；)',
  `correspondence_id` int(11) DEFAULT NULL COMMENT '函授站',
  `role_name` varchar(64) DEFAULT NULL COMMENT '角色名称',
  `is_delete` tinyint(4) DEFAULT '0' COMMENT '是否删除',
  `my_quickentry` text COMMENT '快捷入口',
  `courseids` varchar(255) DEFAULT NULL COMMENT '任课老师课程',
  `disciplineids` varchar(255) DEFAULT NULL COMMENT '任课老师的专业',
  `p_id` tinyint(2) NOT NULL,
  `level` tinyint(2) DEFAULT '0'
) ENGINE=InnoDB AUTO_INCREMENT=5 DEFAULT CHARSET=utf8;

--
-- 转存表中的数据 `wx_admin`
--

INSERT INTO `wx_admin` (`id`, `username`, `password`, `name`, `gender`, `correspondence_id`, `role_name`, `is_delete`, `my_quickentry`, `courseids`, `disciplineids`, `p_id`, `level`) VALUES
(1, 'admin', '96e79218965eb72c92a549dd5a330112', '超级管理员', 1, NULL, 'zongadming', 0, '{"75":{"id":75,"name":"\\u4fee\\u6539\\u5bc6\\u7801","url":"admin\\/edit-password"}}', '', '', 1, 1),
(2, 'test', '96e79218965eb72c92a549dd5a330112', '测试账号', 1, NULL, NULL, 0, NULL, NULL, NULL, 1, 0),
(3, 'member', '96e79218965eb72c92a549dd5a330112', '测试', 1, NULL, NULL, 0, NULL, NULL, NULL, 2, 0),
(4, 'zs', '96e79218965eb72c92a549dd5a330112', '招生1', 1, NULL, 'zhaosheng', 0, NULL, NULL, NULL, 0, 0);

-- --------------------------------------------------------

--
-- 表的结构 `wx_auth_assignment`
--

CREATE TABLE IF NOT EXISTS `wx_auth_assignment` (
  `item_name` varchar(64) NOT NULL,
  `user_id` varchar(64) NOT NULL,
  `created_at` int(11) DEFAULT NULL
) ENGINE=InnoDB DEFAULT CHARSET=utf8 COMMENT='管理员授权表';

--
-- 转存表中的数据 `wx_auth_assignment`
--

INSERT INTO `wx_auth_assignment` (`item_name`, `user_id`, `created_at`) VALUES
('zongadming', '1', 1470623219);

-- --------------------------------------------------------

--
-- 表的结构 `wx_auth_item`
--

CREATE TABLE IF NOT EXISTS `wx_auth_item` (
  `name` varchar(64) NOT NULL DEFAULT '' COMMENT '名称',
  `type` int(11) NOT NULL COMMENT '类型{1：角色；2：权限；}',
  `description` text COMMENT '描述',
  `rule_name` varchar(64) DEFAULT NULL COMMENT '规则名称',
  `data` text COMMENT '数据',
  `created_at` int(11) DEFAULT NULL,
  `updated_at` int(11) DEFAULT NULL,
  `menu_id` int(11) DEFAULT NULL COMMENT '权限所属菜单'
) ENGINE=InnoDB DEFAULT CHARSET=utf8 COMMENT='管理权权限条目';

--
-- 转存表中的数据 `wx_auth_item`
--

INSERT INTO `wx_auth_item` (`name`, `type`, `description`, `rule_name`, `data`, `created_at`, `updated_at`, `menu_id`) VALUES
('admin_create', 2, '用户添加', NULL, NULL, NULL, NULL, 33),
('admin_delete', 2, '用户删除', NULL, NULL, NULL, NULL, 33),
('admin_quickentry', 2, '快捷入口设置', NULL, NULL, NULL, NULL, 35),
('admin_update', 2, '用户修改', NULL, NULL, NULL, NULL, 33),
('menu_create', 2, '菜单添加', NULL, NULL, NULL, NULL, 32),
('menu_delete', 2, '菜单删除', NULL, NULL, NULL, NULL, 32),
('menu_taxis', 2, '菜单排序', NULL, NULL, NULL, NULL, 32),
('menu_update', 2, '菜单修改', NULL, NULL, NULL, NULL, 32),
('password_update', 2, '修改密码', NULL, NULL, NULL, NULL, 75),
('permission_create', 2, '权限添加', NULL, NULL, NULL, NULL, 30),
('permission_delete', 2, '权限删除', NULL, NULL, NULL, NULL, 30),
('permission_update', 2, '权限修改', NULL, NULL, NULL, NULL, 30),
('role_create', 2, '角色添加', NULL, NULL, NULL, NULL, 31),
('role_delete', 2, '角色删除', NULL, NULL, NULL, NULL, 31),
('role_permission', 2, '角色权限设置', NULL, NULL, NULL, NULL, 31),
('role_update', 2, '角色修改', NULL, NULL, NULL, NULL, 31),
('shortcut_update', 2, '设置快捷方式', NULL, NULL, NULL, NULL, 74),
('zongadming', 1, '总管理员', NULL, NULL, NULL, NULL, NULL);

-- --------------------------------------------------------

--
-- 表的结构 `wx_auth_item_child`
--

CREATE TABLE IF NOT EXISTS `wx_auth_item_child` (
  `parent` varchar(64) NOT NULL,
  `child` varchar(64) NOT NULL
) ENGINE=InnoDB DEFAULT CHARSET=utf8 COMMENT='管理员权限关系表';

--
-- 转存表中的数据 `wx_auth_item_child`
--

INSERT INTO `wx_auth_item_child` (`parent`, `child`) VALUES
('zongadming', 'admin_create'),
('zongadming', 'admin_delete'),
('zongadming', 'admin_quickentry'),
('zongadming', 'admin_update'),
('zongadming', 'menu_create'),
('zongadming', 'menu_delete'),
('zongadming', 'menu_taxis'),
('zongadming', 'menu_update'),
('zongadming', 'permission_create'),
('zongadming', 'permission_delete'),
('zongadming', 'permission_update'),
('zongadming', 'role_create'),
('zongadming', 'role_delete'),
('zongadming', 'role_permission'),
('zongadming', 'role_update');

-- --------------------------------------------------------

--
-- 表的结构 `wx_menu`
--

CREATE TABLE IF NOT EXISTS `wx_menu` (
  `id` int(11) NOT NULL,
  `name` varchar(128) NOT NULL COMMENT '名称',
  `parent` int(11) DEFAULT '0' COMMENT '上级菜单',
  `route` varchar(256) DEFAULT NULL,
  `taxis` int(11) DEFAULT '0' COMMENT '排序字段 默认0,以数字倒序排列',
  `data` text,
  `url` varchar(100) DEFAULT NULL COMMENT '菜单链接地址'
) ENGINE=InnoDB AUTO_INCREMENT=71 DEFAULT CHARSET=utf8 COMMENT='系统管理员菜单权限表\r\n';

--
-- 转存表中的数据 `wx_menu`
--

INSERT INTO `wx_menu` (`id`, `name`, `parent`, `route`, `taxis`, `data`, `url`) VALUES
(29, '系统设置', 0, NULL, 20, NULL, ''),
(30, '权限管理', 29, NULL, NULL, NULL, 'permission-form/index'),
(31, '角色管理', 29, NULL, NULL, NULL, 'role-form/index'),
(32, '菜单管理', 29, NULL, NULL, NULL, 'menu/index'),
(33, '用户管理', 29, NULL, NULL, NULL, 'admin/index'),
(34, '设置快捷方式', 29, NULL, 1, NULL, 'shortcut/index'),
(35, '修改密码', 29, NULL, 2, NULL, 'admin/edit-password');

--
-- Indexes for dumped tables
--

--
-- Indexes for table `wx_admin`
--
ALTER TABLE `wx_admin`
  ADD PRIMARY KEY (`id`);

--
-- Indexes for table `wx_auth_assignment`
--
ALTER TABLE `wx_auth_assignment`
  ADD PRIMARY KEY (`item_name`,`user_id`),
  ADD KEY `user_id` (`user_id`),
  ADD KEY `created_at` (`created_at`),
  ADD KEY `item_name` (`item_name`);

--
-- Indexes for table `wx_auth_item`
--
ALTER TABLE `wx_auth_item`
  ADD PRIMARY KEY (`name`),
  ADD KEY `rule_name` (`rule_name`),
  ADD KEY `type` (`type`),
  ADD KEY `name` (`name`),
  ADD KEY `created_at` (`created_at`);

--
-- Indexes for table `wx_auth_item_child`
--
ALTER TABLE `wx_auth_item_child`
  ADD PRIMARY KEY (`parent`,`child`),
  ADD KEY `child` (`child`),
  ADD KEY `parent` (`parent`);

--
-- Indexes for table `wx_menu`
--
ALTER TABLE `wx_menu`
  ADD PRIMARY KEY (`id`),
  ADD KEY `parent` (`parent`),
  ADD KEY `name` (`name`),
  ADD KEY `route` (`route`(255)),
  ADD KEY `order` (`taxis`);

--
-- AUTO_INCREMENT for dumped tables
--

--
-- AUTO_INCREMENT for table `wx_admin`
--
ALTER TABLE `wx_admin`
  MODIFY `id` int(11) NOT NULL AUTO_INCREMENT,AUTO_INCREMENT=5;
--
-- AUTO_INCREMENT for table `wx_menu`
--
ALTER TABLE `wx_menu`
  MODIFY `id` int(11) NOT NULL AUTO_INCREMENT,AUTO_INCREMENT=71;
--
-- 限制导出的表
--

--
-- 限制表 `wx_auth_assignment`
--
ALTER TABLE `wx_auth_assignment`
  ADD CONSTRAINT `wx_auth_assignment_ibfk_2` FOREIGN KEY (`item_name`) REFERENCES `wx_auth_item` (`name`) ON DELETE CASCADE ON UPDATE CASCADE;

/*!40101 SET CHARACTER_SET_CLIENT=@OLD_CHARACTER_SET_CLIENT */;
/*!40101 SET CHARACTER_SET_RESULTS=@OLD_CHARACTER_SET_RESULTS */;
/*!40101 SET COLLATION_CONNECTION=@OLD_COLLATION_CONNECTION */;
